院校名称,专业,2020投档计划数,2020最低分,2020投档最低位次,2021投档计划数,2021最低分,2021投档最低位次,2022投档计划数,2022最低分,2022投档最低位次,特点,一流大学与一流学科,院校性质,平均最低投档线
安徽财经大学,电子信息类,3,556,72459,3,546,65765,5,543,68813,省重点,none,公办,69012
安徽大学,电子科学与技术,none,none,none,none,none,none,10,589,21784,211,一流学科,公办,21784
安徽大学,电子信息工程,4,610,20283,5,593,20448,8,591,20441,211,一流学科,公办,20391
安徽大学,电子信息类,8,609,21022,10,592,21241,none,none,none,211,一流学科,公办,21132
安徽工业大学,电子信息工程,2,557,71456,3,544,68621,3,543,69371,省重点,none,公办,69816
安徽工业大学,微电子科学与工程,none,none,none,2,539,75587,2,539,75562,省重点,none,公办,75575
安徽建筑大学,电子信息工程,2,539,97493,2,528,94075,2,533,85443,省重点,none,公办,92337
安徽科技学院,电子信息工程,2,504,161447,2,504,141290,1,512,124529,none,none,公办,142422
安徽理工大学,机械电子工程(中外合作办学),4,503,163580,4,493,164726,4,497,156412,省重点,none,公办,161573
安徽农业大学,电子信息类,3,544,89652,2,537,79472,2,537,78848,省重点,none,公办,82657
安徽师范大学,电子信息类,4,570,54831,none,none,none,4,552,56671,省重点,none,公办,55751
安庆师范大学,电子信息类,10,513,144355,10,503,143169,10,501,147244,none,none,公办,144923
安顺学院,电子信息工程,1,486,197869,1,481,194161,1,477,202885,none,none,公办,198305
安阳工学院,机械电子工程(中外合作办学),2,474,223775,2,472,213112,2,468,225291,none,none,公办,220726
白城师范学院,电子信息工程,none,none,none,2,476,204729,2,478,202577,none,none,公办,203653
白城师范学院,机械电子工程,none,none,none,2,475,208325,2,474,211481,none,none,公办,209903
宝鸡文理学院,电子科学与技术,5,490,189891,2,490,173340,3,486,181114,none,none,公办,181448
宝鸡文理学院,电子信息类,5,491,187644,none,none,none,4,481,193331,none,none,公办,190488
宝鸡文理学院,机械电子工程,3,489,192356,none,none,none,none,none,none,none,none,公办,192356
北部湾大学,电子信息工程,1,508,153195,1,498,153930,2,505,138864,none,none,公办,148663
北部湾大学,电子信息工程(中外合作办学),12,479,213546,16,472,213544,18,469,222637,none,none,公办,216576
北方工业大学,电子信息工程,none,none,none,none,none,none,3,581,27107,省重点,none,公办,27107
北方工业大学,电子信息工程(理工科实验班),1,601,25850,2,587,24719,2,584,24855,省重点,none,公办,25141
北方工业大学,机械电子工程,4,595,30800,none,none,none,none,none,none,省重点,none,公办,30800
北方工业大学,机械电子工程(智能制造与新能源汽车),none,none,none,4,576,32832,4,573,33996,省重点,none,公办,33414
北方民族大学,电子信息类,2,508,153972,2,499,152104,2,503,142261,省重点,none,公办,149446
北华大学,电子信息工程,7,522,127505,7,511,126273,7,510,127090,省重点,none,公办,126956
北华航天工业学院,电子信息工程,1,514,142259,2,507,135086,2,508,132794,none,none,公办,136713
北华航天工业学院,机械电子工程,2,506,157700,2,498,155080,2,500,148890,none,none,公办,153890
北华航天工业学院,微电子科学与工程,2,507,155229,2,502,144718,2,506,135954,none,none,公办,145300
北京大学,电子信息类,5,693,97,none,none,none,none,none,none,"C9,985,211",一流大学,公办,97
北京工商大学,电子信息类(自动化与电气工程类),5,592,32858,none,none,none,none,none,none,省重点,none,公办,32858
北京工业大学,电子信息工程(中外合作办学),4,600,26757,4,579,30374,4,579,28972,211,一流学科,公办,28701
北京化工大学,电子科学与技术,4,623,13480,none,none,none,none,none,none,211,一流学科,公办,13480
北京化工大学,理科试验班(数学、物理电子与管理),none,none,none,14,601,16036,12,597,16747,211,一流学科,公办,16392
北京交通大学,电子信息类(通信与控制),17,644,5906,17,626,6248,17,620,6875,211,一流学科,公办,6343
北京交通大学,机械电子工程(中外合作办学),6,602,25281,5,586,25042,6,580,27828,211,一流学科,公办,26050
北京理工大学,工科试验班(电子信息实验班),20,666,1731,42,646,2099,37,642,2155,"985,211",一流大学,公办,1995
北京联合大学,电子信息工程,2,573,51421,1,559,49856,1,558,49414,none,none,公办,50230
北京林业大学,电子信息科学与技术,2,619,15235,2,603,15290,2,599,15873,211,一流学科,公办,15466
北京石油化工学院,机械电子工程,2,543,91350,2,531,89253,none,none,none,none,none,公办,90302
北京信息科技大学,电子信息科学与技术,2,594,31710,4,577,32383,4,576,31524,省重点,none,公办,31872
北京信息科技大学,电子信息类(勤信实验班),5,598,27870,2,583,27773,2,581,27359,省重点,none,公办,27667
北京邮电大学(宏福校区),电子信息工程(中外合作办学),none,none,none,none,none,none,3,602,14401,211,一流学科,公办,14401
北京邮电大学,电子信息类,15,656,3338,12,636,3768,11,631,4125,211,一流学科,公办,3744
滨州学院,电子信息工程,20,497,175551,20,487,178492,30,486,183119,none,none,公办,179054
滨州学院,电子信息工程(校企合作，与山东华兴教育科技有限公司合作),60,479,211850,70,474,209825,100,471,218052,none,none,公办,213242
常熟理工学院,电子科学与技术,2,525,121364,none,none,none,none,none,none,none,none,公办,121364
常熟理工学院,电子信息工程(中外合作办学),2,492,187096,2,485,184638,2,480,197726,none,none,公办,189820
常熟理工学院,机械电子工程(中外合作办学),2,486,198527,2,481,193550,2,483,189576,none,none,公办,193884
常州大学,电子信息工程(中外合作办学),2,550,80873,2,541,73167,2,538,76483,省重点,none,公办,76841
常州大学,机械电子工程,none,none,none,2,557,52536,none,none,none,省重点,none,公办,52536
成都工业学院,电子信息类,4,518,134150,3,508,133296,2,509,129327,none,none,公办,132258
成都工业学院,机械电子工程,1,523,126576,2,515,117961,none,none,none,none,none,公办,122269
成都理工大学,电子信息工程,none,none,none,4,576,32570,4,577,30794,省重点,一流学科,公办,31682
成都理工大学,电子信息类,6,595,30199,6,580,29700,5,579,28984,省重点,一流学科,公办,29628
成都信息工程大学,电子科学与技术,1,581,42771,2,567,40846,none,none,none,省重点,none,公办,41809
成都信息工程大学,电子信息工程,4,582,41501,9,566,42372,3,567,39448,省重点,none,公办,41107
成都信息工程大学,电子信息科学与技术,2,581,42604,4,566,42641,none,none,none,省重点,none,公办,42623
成都信息工程大学,机械电子工程,2,576,48398,none,none,none,none,none,none,省重点,none,公办,48398
成都信息工程大学,微电子科学与工程,1,582,41895,none,none,none,none,none,none,省重点,none,公办,41895
大理大学,电子信息工程,2,528,116890,2,517,113640,2,517,113076,none,none,公办,114535
大连大学,电子信息工程,none,none,none,none,none,none,3,547,63842,省重点,none,公办,63842
大连工业大学,机械电子工程(中外合作办学),4,518,134819,4,506,136865,5,501,147849,省重点,none,公办,139844
大连海事大学,电子信息工程,9,604,24057,none,none,none,none,none,none,211,一流学科,公办,24057
大连海事大学,电子信息工程(中外合作办学),7,583,40867,8,570,37979,11,569,37914,211,一流学科,公办,38920
大连海事大学,电子信息科学与技术,5,606,22822,none,none,none,none,none,none,211,一流学科,公办,22822
大连海事大学,电子信息类,none,none,none,30,589,23080,27,587,23067,211,一流学科,公办,23074
大连海洋大学,电子信息工程,2,555,73760,2,543,69750,2,542,69861,省重点,none,公办,71124
大连交通大学,电子科学与技术,2,583,40589,2,566,41941,2,564,42735,省重点,none,公办,41755
大连交通大学,电子信息工程,1,584,39834,2,567,40975,2,567,39600,省重点,none,公办,40136
大连理工大学,电子科学与技术,6,640,7130,6,623,7237,6,620,7071,"985,211",一流大学,公办,7146
大连理工大学,电子信息类(创新班),3,650,4597,3,632,4621,5,627,4915,"985,211",一流大学,公办,4711
大连理工大学,电子信息类(电信、自动化与计算机新工科实验班),23,643,6303,23,626,6318,24,622,6327,"985,211",一流大学,公办,6316
大连民族大学,电子信息工程,5,535,104720,2,527,96173,2,529,90988,none,none,公办,97294
德州学院,电子信息工程,92,493,184252,82,483,189265,82,481,194668,none,none,公办,189395
电子科技大学(沙河校区),电子信息类(中外合作办学)(电子信息),6,639,7374,6,621,7612,6,617,7918,"985,211",一流大学,公办,7635
电子科技大学(沙河校区),电子信息类(中外合作办学)(海南陵水国际教育创新区),none,none,none,none,none,none,5,600,15028,"985,211",一流大学,公办,15028
电子科技大学(沙河校区),电子信息类(中外合作办学)(通信、微电子),9,633,9538,9,618,8837,9,609,10954,"985,211",一流大学,公办,9776
电子科技大学(沙河校区),集成电路设计与集成系统(国家示范性微电子学院),17,647,5228,17,630,5283,13,629,4649,"985,211",一流大学,公办,5053
电子科技大学,电子信息类(成电英才计划拔尖创新人才实验班),none,none,none,3,649,1781,3,645,1766,"985,211",一流大学,公办,1774
电子科技大学,电子信息类(电子信息与物理科学复合培养),9,653,3829,none,none,none,none,none,none,"985,211",一流大学,公办,3829
电子科技大学,电子信息类(光电集成与光网络),none,none,none,5,635,3960,11,631,4073,"985,211",一流大学,公办,4017
电子科技大学,电子信息类(光通信与显示、智能感知、智慧照明),8,652,4173,none,none,none,none,none,none,"985,211",一流大学,公办,4173
电子科技大学,电子信息类(信息与通信),14,655,3432,20,638,3426,16,635,3261,"985,211",一流大学,公办,3373
电子科技大学,工科试验班(电子工程类),18,653,3911,20,635,4073,18,633,3705,"985,211",一流大学,公办,3896
电子科技大学,经济管理试验班(管理与电子工程双学位培养),3,652,4089,none,none,none,none,none,none,"985,211",一流大学,公办,4089
东北大学,电子信息类,7,627,11735,5,611,11441,4,608,11378,"985,211",一流大学,公办,11518
东北大学秦皇岛分校,电子信息类,17,614,18006,17,599,17285,19,597,16939,"985,211",一流大学,公办,17410
东北电力大学,电子信息工程,4,592,32626,3,574,34457,3,572,34634,省重点,none,公办,33906
东北电力大学,机械电子工程,none,none,none,none,none,none,5,548,62305,省重点,none,公办,62305
东北林业大学,电子信息类,10,597,29134,10,582,28105,10,580,28374,211,一流学科,公办,28538
东北石油大学,电子科学与技术,4,532,109163,3,524,101341,5,524,100552,全国重点,none,公办,103685
东北石油大学,电子信息工程,3,538,100391,2,530,90300,6,530,89454,全国重点,none,公办,93382
东华大学,电子信息类,14,621,14576,12,604,14748,12,600,15249,211,一流学科,公办,14858
佛山科学技术学院,电子信息工程,5,514,142179,2,509,131083,none,none,none,省重点,none,公办,136631
福建师范大学,电子信息工程(中外合作办学),none,none,none,7,530,90452,7,524,99941,省重点,none,公办,95197
福州大学,电子信息工程(中外合作办学),3,586,38218,4,571,37549,4,570,37213,211,一流学科,公办,37660
福州大学,电子信息类,none,none,none,2,595,19412,2,592,19520,211,一流学科,公办,19466
阜阳师范大学,电子信息科学与技术,5,506,158124,5,498,153483,5,499,151547,none,none,公办,154385
赣南师范大学,电子科学与技术,3,513,144122,none,none,none,2,510,128083,none,none,公办,136103
赣南师范大学,电子信息工程,none,none,none,2,519,110235,3,515,116843,none,none,公办,113539
广东工业大学,电子科学与技术,5,593,32486,5,575,34099,4,573,34387,省重点,none,公办,33657
广东工业大学,电子信息类,6,594,31373,5,576,32841,4,574,33191,省重点,none,公办,32468
广东工业大学,机械电子工程,none,none,none,none,none,none,3,569,37507,省重点,none,公办,37507
广东石油化工学院,电子信息工程,none,none,none,none,none,none,3,484,186254,none,none,公办,186254
广西大学,电子科学与技术,10,594,31520,10,578,31266,10,576,31549,211,一流学科,公办,31445
广西大学,电子信息类,10,596,29874,10,580,29639,10,577,30242,211,一流学科,公办,29918
广西科技师范学院,电子信息工程,none,none,none,2,478,199274,2,475,208533,none,none,公办,203904
广西民族大学,电子信息工程,4,509,151986,4,499,152570,3,499,150924,省重点,none,公办,151827
广西师范大学,电子科学与技术,2,536,102502,2,527,96631,2,525,98260,省重点,none,公办,99131
广西师范大学,电子信息工程,2,537,101636,2,527,95199,none,none,none,省重点,none,公办,98418
广州大学,电子信息工程,4,590,34908,4,573,35191,4,571,35661,none,none,公办,35253
贵阳学院,电子信息工程,2,493,184819,2,486,182474,2,483,188662,none,none,公办,185318
贵阳学院,电子信息科学与技术,2,492,186644,2,488,177401,2,485,184337,none,none,公办,182794
贵州大学,电子信息类,3,601,25726,none,none,none,6,583,25638,211,一流学科,公办,25682
贵州师范学院,电子信息类,3,488,194244,3,482,191882,2,481,193457,none,none,公办,193194
桂林电子科技大学,电子封装技术,none,none,none,none,none,none,2,552,56934,省重点,none,公办,56934
桂林电子科技大学,电子科学与技术,none,none,none,none,none,none,2,556,51456,省重点,none,公办,51456
桂林电子科技大学,电子信息工程(中外合作办学),none,none,none,none,none,none,8,530,89893,省重点,none,公办,89893
桂林电子科技大学,电子信息类,14,573,51895,14,557,52364,7,558,49264,省重点,none,公办,51174
桂林航天工业学院,电子信息工程,3,495,179674,4,487,179697,3,486,181940,none,none,公办,180437
桂林航天工业学院,机械电子工程,3,494,182708,4,485,183381,3,483,190176,none,none,公办,185422
桂林理工大学,电子信息类,4,529,114330,4,522,105371,4,520,107087,省重点,none,公办,108929
哈尔滨工程大学,电子信息工程(水声),8,610,20427,none,none,none,none,none,none,211,一流学科,公办,20427
哈尔滨工程大学,电子信息类,17,611,19602,15,595,19719,18,594,18633,211,一流学科,公办,19318
哈尔滨工程大学,水声工程(含电子水声、水声、海洋信息3个专业),12,614,17919,24,595,19224,26,591,20515,211,一流学科,公办,19219
哈尔滨工业大学(威海),电子信息类,90,628,11547,95,612,11251,98,609,11006,"C9,985,211",一流大学,公办,11268
哈尔滨工业大学,工科试验班(计算机与电子通信),26,659,2755,29,641,2932,28,637,2848,"C9,985,211",一流大学,公办,2845
哈尔滨理工大学,电子科学与技术,1,577,46671,none,none,none,none,none,none,省重点,none,公办,46671
哈尔滨理工大学,电子信息工程,18,547,85552,18,535,82940,none,none,none,省重点,none,公办,84246
哈尔滨理工大学,电子信息科学与技术,2,578,45675,2,563,45600,20,552,56720,省重点,none,公办,49332
哈尔滨理工大学,机械电子工程,41,518,135480,48,506,135977,36,508,131371,省重点,none,公办,134276
哈尔滨商业大学,电子信息工程,2,542,93906,2,527,95154,3,524,100437,省重点,none,公办,96499
哈尔滨学院,电子信息工程,3,498,173619,2,490,173660,2,490,172707,none,none,公办,173329
海南大学,电子科学与技术,10,591,33366,10,577,31815,none,none,none,211,一流学科,公办,32591
海南大学,电子信息类,11,598,28317,12,582,28349,12,579,28788,211,一流学科,公办,28485
海南热带海洋学院,船舶电子电气工程,2,485,200234,none,none,none,none,none,none,none,none,公办,200234
海南热带海洋学院,电子信息类,2,497,175349,2,489,174861,2,485,183597,none,none,公办,177936
海南师范大学,电子信息科学与技术,2,537,101505,2,524,101948,5,522,104507,省重点,none,公办,102653
杭州电子科技大学,电子信息类,14,610,20458,none,none,none,none,none,none,省重点,none,公办,20458
杭州电子科技大学,电子信息类(电子信息学院),none,none,none,14,593,20890,14,589,21573,省重点,none,公办,21232
杭州电子科技大学,电子信息类(通信学院),none,none,none,6,594,20106,6,590,21163,省重点,none,公办,20635
杭州师范大学,电子信息工程,none,none,none,none,none,none,2,564,42578,省重点,none,公办,42578
合肥工业大学(宣城校区),电子信息科学与技术,3,606,22771,4,593,20687,4,590,21050,211,一流学科,公办,21503
合肥工业大学,电子科学与技术,5,612,18992,5,597,18443,5,594,18557,211,一流学科,公办,18664
合肥工业大学,电子信息工程,7,614,18209,8,598,17967,7,596,17480,211,一流学科,公办,17885
合肥工业大学,微电子科学与工程,4,611,19438,4,596,18963,5,593,19214,211,一流学科,公办,19205
河北地质大学,电子信息类,5,530,113084,none,none,none,none,none,none,省重点,none,公办,113084
河北工程大学,电子信息工程,2,544,90450,2,534,84512,2,537,77994,省重点,none,公办,84319
河北石油职业技术大学,电子信息工程,5,474,222612,none,none,none,none,none,none,none,none,公办,222612
河北工业职业技术大学,电子信息工程技术,none,none,none,none,none,none,4,474,210667,none,none,公办,210667
河北建筑工程学院,电子信息工程,2,503,163108,2,496,159003,2,495,160394,none,none,公办,160835
河北建筑工程学院,机械电子工程,3,502,166031,3,492,167423,3,489,175941,none,none,公办,169798
河北经贸大学,电子信息类,3,549,81968,none,none,none,none,none,none,省重点,none,公办,81968
河北科技大学,电子科学与技术,8,553,76237,none,none,none,none,none,none,省重点,none,公办,76237
河北科技大学,电子信息类,none,none,none,8,540,74161,8,539,75257,省重点,none,公办,74709
河北科技大学,机械电子工程,5,547,86231,none,none,none,none,none,none,省重点,none,公办,86231
河北科技工程职业技术大学,机械电子工程技术,3,479,212380,none,none,none,3,474,211508,none,none,公办,211944
河北科技师范学院,电子信息工程,5,496,177529,5,487,179573,5,487,179731,none,none,公办,178944
河北师范大学,电子信息类,6,571,53581,5,554,55753,5,550,59651,省重点,none,公办,56328
河北石油职业技术大学,电子信息工程技术,none,none,none,none,none,none,4,475,207819,none,none,公办,207819
河海大学,电子科学与技术(常州校区),2,616,17008,2,601,15954,2,600,15315,211,一流学科,公办,16092
河海大学,电子信息工程,2,621,14201,2,607,12986,none,none,none,211,一流学科,公办,13594
河南大学,电子信息科学与技术(中外合作办学)(与美国迈阿密大学合作办学),5,567,57855,5,557,52496,none,none,none,省重点,一流学科,公办,55176
河南大学,电子信息类,3,594,31474,6,577,31809,none,none,none,省重点,一流学科,公办,31642
河南工业大学,电子信息工程,5,552,78056,none,none,none,none,none,none,省重点,none,公办,78056
河南科技大学,电子信息类,6,553,76404,5,545,67883,6,544,67862,省重点,none,公办,70716
河南理工大学,电子信息类,3,547,85568,3,537,79288,3,537,77752,省重点,none,公办,80869
河南农业大学,电子信息科学与技术,2,522,127769,none,none,none,4,519,110180,省重点,none,公办,118975
河南农业大学,电子信息类,none,none,none,4,518,112981,none,none,none,省重点,none,公办,112981
菏泽学院,电子信息科学与技术(校企合作，与达内时代科技集团公司合作),150,474,223051,150,471,216556,150,469,223394,none,none,公办,221000
菏泽学院,机械电子工程,30,490,189933,30,481,193774,26,479,199485,none,none,公办,194397
黑河学院,电子信息科学与技术,5,485,201328,5,477,201830,3,475,209021,none,none,公办,204060
黑龙江八一农垦大学,电子信息工程,none,none,none,4,491,169110,2,495,160178,none,none,公办,164644
黑龙江大学,电子信息类,2,575,48914,2,562,46460,2,559,47825,none,none,公办,47733
黑龙江科技大学,电子信息工程,none,none,none,3,510,127814,2,512,124479,省重点,none,公办,126147
黑龙江科技大学,电子信息科学与技术,5,517,136280,3,507,134198,2,509,130029,省重点,none,公办,133502
黑龙江科技大学,机械电子工程,none,none,none,3,502,144876,3,503,144155,省重点,none,公办,144516
衡水学院,电子信息工程,3,491,189055,3,484,185942,3,481,193901,none,none,公办,189633
衡水学院,机械电子工程,3,489,191342,3,481,192646,3,478,201400,none,none,公办,195129
衡阳师范学院,电子信息工程,1,502,166005,1,492,167787,1,494,163867,none,none,公办,165886
衡阳师范学院,电子信息科学与技术,1,502,165346,1,493,165585,1,497,156210,none,none,公办,162380
湖北大学,电子信息工程(中外合作办学),none,none,none,6,541,72667,12,538,77065,省重点,none,公办,74866
湖北大学,电子信息类(物电),2,593,32186,4,576,33258,4,574,33657,省重点,none,公办,33034
湖北工程学院,电子信息类,1,511,147230,1,505,139713,1,506,136084,none,none,公办,141009
湖北经济学院,电子信息工程,2,545,88295,2,528,93592,4,522,103352,none,none,公办,95080
湖北理工学院,电子信息工程(中外合作办学),none,none,none,6,479,197237,6,471,217687,none,none,公办,207462
湖北民族大学,机械电子工程,2,502,165184,none,none,none,none,none,none,none,none,公办,165184
湖北师范大学,电子信息工程(中外合作办学),none,none,none,8,491,169999,12,487,179402,none,none,公办,174701
湖北师范大学,电子信息类,2,542,93706,none,none,none,none,none,none,none,none,公办,93706
湖南财政经济学院,电子信息类,none,none,none,none,none,none,3,516,115080,none,none,公办,115080
湖南城市学院,电子信息工程,2,493,183750,2,486,180974,2,488,178050,none,none,公办,180925
湖南城市学院,机械电子工程,2,489,192050,2,483,188633,2,482,191766,none,none,公办,190816
湖南大学,电子科学与技术,6,631,10300,6,615,9949,5,615,8928,"985,211",一流大学,公办,9726
湖南大学,电子信息工程,2,635,8926,2,619,8395,2,617,8208,"985,211",一流大学,公办,8510
湖南第一师范学院,电子信息工程,1,511,147529,2,503,142453,4,502,144541,none,none,公办,144841
湖南工程学院,电子信息工程,2,508,153965,none,none,none,2,497,155837,none,none,公办,154901
湖南工程学院,机械电子工程,none,none,none,5,490,172212,none,none,none,none,none,公办,172212
湖南工商大学,电子信息工程,3,549,82020,3,538,78230,3,539,74823,none,none,公办,78358
湖南工学院,机械电子工程,2,496,177204,2,490,172278,none,none,none,none,none,公办,174741
湖南工业大学,电子信息工程,2,550,81029,2,540,74401,none,none,none,省重点,none,公办,77715
湖南工业大学,电子信息类,none,none,none,none,none,none,6,539,75291,省重点,none,公办,75291
湖南科技大学,电子信息工程,none,none,none,1,557,51546,1,566,40746,省重点,none,公办,46146
湖南科技大学,电子信息科学与技术,none,none,none,none,none,none,1,555,52880,省重点,none,公办,52880
湖南科技大学,机械电子工程,3,563,63277,3,548,62840,3,546,64257,省重点,none,公办,63458
湖南科技学院,电子信息工程,none,none,none,2,498,154540,2,499,152487,none,none,公办,153514
湖南理工学院,机械电子工程,2,517,136768,none,none,none,none,none,none,none,none,公办,136768
湖南农业大学,电子信息工程,3,542,93736,2,534,83930,2,534,83785,省重点,none,公办,87150
湖南人文科技学院,电子信息工程,5,489,191640,5,482,190761,4,479,199801,none,none,公办,194067
湖南师范大学,电子信息工程,2,602,25241,none,none,none,none,none,none,211,一流学科,公办,25241
湖南师范大学,电子信息科学与技术,2,603,24867,2,589,23598,2,587,23021,211,一流学科,公办,23829
湖南文理学院,机械电子工程,2,486,197471,2,490,172092,2,488,176811,none,none,公办,182125
湖州师范学院,电子信息工程,3,510,149625,4,502,146643,1,505,138715,none,none,公办,144994
华北电力大学(保定),电子信息类,10,620,15024,10,602,15585,11,599,15735,211,一流学科,公办,15448
华北电力大学(北京),电子信息类,5,634,9262,5,615,9832,5,612,10011,211,一流学科,公办,9702
华北科技学院,电子信息工程,2,508,153483,none,none,none,none,none,none,none,none,公办,153483
华北理工大学,电子科学与技术,4,564,62333,6,548,63398,3,546,65194,省重点,none,公办,63642
华北理工大学,电子信息工程,5,565,61052,4,549,61900,3,547,62993,省重点,none,公办,61982
华北水利水电大学,电子信息工程,5,558,69869,5,544,68782,5,543,69642,省重点,none,公办,69431
华东交通大学,电子信息工程,none,none,none,5,559,49348,5,557,50553,省重点,none,公办,49951
华东交通大学,机械电子工程,4,564,62103,4,548,62850,5,545,65796,省重点,none,公办,63583
华东理工大学,电子信息类,none,none,none,13,611,11555,13,607,12131,211,一流学科,公办,11843
华东理工大学,电子信息类(智能与机器人实验班),none,none,none,11,612,11109,11,607,11926,211,一流学科,公办,11518
华东师范大学,电子信息科学与技术,3,652,4114,3,635,4053,2,631,4024,"985,211",一流大学,公办,4064
华东师范大学,微电子科学与工程,1,654,3782,2,638,3492,2,632,3801,"985,211",一流大学,公办,3692
华南理工大学,微电子科学与工程,3,651,4441,none,none,none,none,none,none,"985,211",一流大学,公办,4441
华南农业大学,电子信息工程,none,none,none,none,none,none,1,584,24979,全国重点,一流学科,公办,24979
华侨大学,电子信息类,6,589,35282,6,572,36830,7,570,37002,"全国重点,省重点",none,公办,36371
华中科技大学,电子信息工程(电信卓越计划实验班),2,668,1431,none,none,none,none,none,none,"985,211",一流大学,公办,1431
华中科技大学,电子信息类(电信学院),8,665,1917,27,646,2180,15,643,1968,"985,211",一流大学,公办,2022
华中科技大学,电子信息类(光电学院),15,664,2014,none,none,none,10,648,1463,"985,211",一流大学,公办,1739
华中科技大学,电子信息类(启明光电信息本硕博实验班),3,671,1130,5,657,1029,5,652,1055,"985,211",一流大学,公办,1071
华中师范大学,电子信息类,4,624,12861,4,605,13986,5,601,14730,211,一流学科,公办,13859
怀化学院,电子信息科学与技术,2,494,182231,2,485,183436,3,485,185360,none,none,公办,183676
淮南师范学院,电子信息工程,7,493,184860,3,485,184749,2,485,184853,none,none,公办,184821
淮阴工学院,电子信息工程,2,500,170074,none,none,none,none,none,none,none,none,公办,170074
淮阴工学院,机械电子工程,none,none,none,none,none,none,2,496,158151,none,none,公办,158151
黄冈师范学院,电子信息类,3,493,184509,3,487,179625,5,487,179687,none,none,公办,181274
黄淮学院,机械电子工程,10,486,198144,25,476,204385,15,473,212691,none,none,公办,205073
惠州学院,电子信息类,none,none,none,3,465,229041,none,none,none,none,none,公办,229041
吉林大学,电子信息类,30,630,10740,30,612,10847,25,611,10318,"985,211",一流大学,公办,10635
吉林工商学院,电子信息工程,none,none,none,4,482,190254,4,482,191514,none,none,公办,190884
吉林工商学院,机械电子工程,none,none,none,3,477,202413,3,475,208619,none,none,公办,205516
吉林化工学院,电子信息工程,3,498,173685,3,490,172468,3,488,176996,none,none,公办,174383
吉林化工学院,电子信息工程(中外合作办学),none,none,none,none,none,none,15,467,229294,none,none,公办,229294
吉林建筑大学,电子信息工程,none,none,none,none,none,none,4,502,144842,省重点,none,公办,144842
吉林建筑大学,电子信息科学与技术,8,511,147265,8,502,145735,5,501,146889,省重点,none,公办,146630
吉林农业大学,电子信息科学与技术,2,513,143529,2,505,138922,2,507,133865,省重点,none,公办,138772
吉林农业科技学院,电子信息科学与技术,none,none,none,3,477,202116,3,476,206590,none,none,公办,204353
吉林师范大学,电子信息工程(中外合作办学),4,492,186613,4,487,178339,4,486,182872,省重点,none,公办,182608
吉林师范大学,电子信息类,3,527,118647,2,515,117723,2,517,113041,省重点,none,公办,116470
集美大学,电子信息工程,4,581,42596,3,567,41041,3,568,38970,省重点,none,公办,40869
集美大学,机械电子工程,4,576,47941,3,559,49635,2,556,51451,省重点,none,公办,49676
济南大学,电子信息类,80,559,68542,75,545,67305,54,545,66581,省重点,none,公办,67476
济南大学,电子信息类(地方专项计划),3,559,69077,6,543,69690,10,544,67557,省重点,none,公办,68775
济南大学,电子信息类(济南走读),none,none,none,none,none,none,10,537,77890,省重点,none,公办,77890
济宁学院,电子信息工程,none,none,none,none,none,none,80,479,198216,none,none,公办,198216
济宁学院,电子信息工程(校企合作，与山东华兴教育科技有限公司合作),40,475,220731,40,472,215097,none,none,none,none,none,公办,217914
济宁学院,电子信息工程(校企合作，与山东中兴教育咨询有限公司合作),40,477,216917,40,472,213161,none,none,none,none,none,公办,215039
济宁学院,电子信息工程(校企合作，与山东中兴协力合作),none,none,none,none,none,none,none,none,none,none,none,公办,none
暨南大学,电子信息工程,none,none,none,4,605,14191,2,602,14058,211,一流学科,公办,14125
佳木斯大学,电子信息工程,none,none,none,24,484,186993,none,none,none,省重点,none,公办,186993
嘉兴学院,电子信息工程,2,532,110283,3,523,103791,3,521,105324,none,none,公办,106466
江南大学,机械电子工程,10,610,20279,none,none,none,none,none,none,211,一流学科,公办,20279
江南大学,微电子科学与工程,none,none,none,10,594,20000,10,591,20187,211,一流学科,公办,20094
江苏大学,电子信息工程,4,600,26578,none,none,none,none,none,none,"全国重点,省重点",none,公办,26578
江苏大学,机械电子工程,2,599,27681,none,none,none,none,none,none,"全国重点,省重点",none,公办,27681
江苏科技大学,电子信息类,9,584,39604,9,569,38905,10,567,39987,省重点,none,公办,39499
江苏理工学院,机械电子工程,none,none,none,none,none,none,2,519,110343,none,none,公办,110343
江苏师范大学,电子科学与技术(中外合作办学),4,514,142299,4,506,137635,4,505,138544,省重点,none,公办,139493
江苏师范大学,电子信息工程,2,577,46811,7,560,48848,3,559,48278,省重点,none,公办,47979
江苏师范大学,电子信息工程(中外合作办学),3,525,121261,3,520,107944,4,518,111825,省重点,none,公办,113677
江苏师范大学,科文学院电子信息工程,3,471,228230,none,none,none,none,none,none,省重点,none,公办,228230
江西科技师范大学,电子信息工程(含职教师范实验班),2,511,147363,none,none,none,none,none,none,none,none,公办,147363
江西科技师范大学,机械电子工程(含职教师范),3,505,160776,none,none,none,none,none,none,none,none,公办,160776
江西理工大学,电子科学与技术,2,540,96015,2,528,94420,2,534,83181,省重点,none,公办,91205
江西理工大学,电子科学与技术(中外合作办学),2,510,151052,2,500,149844,2,505,138963,省重点,none,公办,146620
江西理工大学,电子信息工程,2,549,83083,none,none,none,none,none,none,省重点,none,公办,83083
江西理工大学,电子信息科学与技术,2,541,94532,2,533,85695,2,537,77560,省重点,none,公办,85929
江西理工大学,电子信息类,none,none,none,4,541,73443,3,541,72296,省重点,none,公办,72870
江西理工大学,机械电子工程,none,none,none,none,none,none,2,530,90247,省重点,none,公办,90247
江西农业大学,电子信息工程,3,520,131481,2,513,122312,none,none,none,全国重点,none,公办,126897
江西师范大学,电子信息类,7,563,63597,9,546,65637,2,548,62649,省重点,none,公办,63961
金陵科技学院,电子信息工程,1,562,64039,1,548,63830,1,546,64682,none,none,公办,64184
景德镇陶瓷大学,电子科学与技术,2,504,161630,2,498,154078,1,503,142495,省重点,none,公办,152734
景德镇陶瓷大学,电子信息工程,none,none,none,none,none,none,1,510,127608,省重点,none,公办,127608
景德镇陶瓷大学,机械电子工程,none,none,none,none,none,none,1,493,164833,省重点,none,公办,164833
九江学院,电子信息工程,3,496,178624,3,487,178813,4,486,181769,none,none,公办,179735
喀什大学,电子信息科学与技术,6,484,201545,8,478,199466,12,475,209154,省重点,none,公办,203388
兰州财经大学,电子信息工程,3,530,113218,3,518,112158,3,516,114820,none,none,公办,113399
兰州大学,电子信息类,10,622,13757,8,608,12515,9,605,12821,"985,211",一流大学,公办,13031
兰州工业学院,电子信息工程,2,490,190782,2,483,189021,3,479,198453,none,none,公办,192752
兰州工业学院,机械电子工程,3,488,194028,3,480,194769,3,478,200849,none,none,公办,196549
兰州交通大学,电子科学与技术,2,554,75157,2,540,75044,2,539,75294,省重点,none,公办,75165
兰州交通大学,机械电子工程,4,555,74110,2,540,74562,none,none,none,省重点,none,公办,74336
兰州理工大学,电子信息科学与技术,2,550,81028,2,537,79779,2,537,78198,none,none,公办,79668
兰州理工大学,微电子科学与工程,none,none,none,2,533,85806,2,534,83002,none,none,公办,84404
兰州文理学院,电子信息工程,2,488,193518,2,480,195240,5,477,203903,none,none,公办,197554
辽宁大学,电子信息类,5,604,24063,7,588,23912,6,585,24316,211,一流学科,公办,24097
辽宁大学,微电子科学与工程,none,none,none,none,none,none,2,585,24370,211,一流学科,公办,24370
辽宁工业大学,电子信息工程,2,534,107104,2,523,102819,2,522,103861,none,none,公办,104595
辽宁科技大学,机械电子工程,1,564,62332,1,546,65532,1,544,67946,none,none,公办,65270
聊城大学,电子信息工程,59,515,140281,59,506,137521,63,507,133578,none,none,公办,137127
聊城大学,电子信息工程(校企合作，与青软实训教育科技公司合作),160,493,183466,160,488,177873,160,488,177909,none,none,公办,179749
聊城大学,机械电子工程,none,none,none,70,497,155982,70,497,155878,none,none,公办,155930
聊城大学,机械电子工程(校企合作，与青岛英谷教育科技公司合作),none,none,none,40,487,179562,20,488,177462,none,none,公办,178512
临沂大学,电子信息工程,40,513,144865,30,505,138394,45,506,135866,none,none,公办,139708
临沂大学,电子信息工程(校企合作，与深圳永而佳实业有限公司合作),40,496,178161,70,488,177026,none,none,none,none,none,公办,177594
临沂大学,机械电子工程(校企合作，与山东临工工程机械有限公司合作),40,492,186237,100,485,184615,100,484,187229,none,none,公办,186027
临沂大学,微电子科学与工程,30,508,154376,none,none,none,none,none,none,none,none,公办,154376
临沂大学,微电子科学与工程(校企合作，与青软创新科技集团有限公司合作),80,490,189568,110,485,184249,180,483,188638,none,none,公办,187485
鲁东大学,电子信息工程,45,531,112088,59,519,109923,none,none,none,none,none,公办,111006
吕梁学院,电子信息工程,5,488,193691,8,479,198161,3,477,202840,none,none,公办,198231
吕梁学院,机械电子工程,5,486,197890,5,476,203861,5,474,210539,none,none,公办,204097
牡丹江师范学院,电子信息科学与技术,2,487,197074,3,481,192366,3,478,202579,none,none,公办,197340
南昌大学,电子信息类,4,610,20280,4,593,20688,4,590,20895,211,一流学科,公办,20621
南昌工程学院,机械电子工程,2,499,171749,none,none,none,none,none,none,none,none,公办,171749
南昌航空大学,电子科学与技术,1,584,39591,1,568,40399,2,566,41253,省重点,none,公办,40414
南昌航空大学,电子信息工程,3,577,46743,3,561,47237,4,559,47936,省重点,none,公办,47305
南昌航空大学,机械电子工程,2,572,52396,2,557,52581,4,553,55257,省重点,none,公办,53411
南昌师范学院,电子信息工程,2,497,175218,1,492,166947,2,491,170084,none,none,公办,170750
南华大学,电子信息类,5,554,75623,5,543,69560,4,542,70374,none,none,公办,71852
南京大学,电子信息类,5,677,677,7,661,746,8,655,761,"C9,985,211",一流大学,公办,728
南京工业大学,电子信息工程(中外合作办学),3,583,40535,3,565,43221,3,562,44973,省重点,none,公办,42910
南京航空航天大学,电子信息类,6,631,10120,10,613,10530,10,609,10881,211,一流学科,公办,10510
南京航空航天大学,交通运输(民航电子电气工程),2,627,11788,2,608,12519,3,604,13276,211,一流学科,公办,12528
南京航空航天大学,微电子科学与工程(集成电路设计),2,633,9515,4,616,9487,6,613,9654,211,一流学科,公办,9552
南京航空航天大学,自动化(中外合作办学)(航空电子与控制),2,617,16204,none,none,none,none,none,none,211,一流学科,公办,16204
南京理工大学,电子信息类,10,631,10094,14,613,10614,18,609,11142,211,一流学科,公办,10617
南京林业大学,电子信息工程,none,none,none,3,580,29871,2,583,26064,省重点,一流学科,公办,27968
南京林业大学,电子信息类,6,593,31822,none,none,none,none,none,none,省重点,一流学科,公办,31822
南京农业大学,电子信息类,12,604,24129,12,588,23717,9,586,23404,211,一流学科,公办,23750
南京师范大学,电子信息工程,3,622,13827,3,603,15220,3,599,15616,211,一流学科,公办,14888
南京信息工程大学,电子信息类,none,none,none,2,594,20116,4,590,20877,全国重点,一流学科,公办,20497
南京信息工程大学,电子信息类(与中国科学院大学联合培养),4,610,20169,none,none,none,none,none,none,全国重点,一流学科,公办,20169
南京信息工程大学,机械电子工程,none,none,none,2,582,28043,2,580,27867,全国重点,一流学科,公办,27955
南京邮电大学,电子科学与技术,4,618,15771,5,601,15902,5,600,15426,省重点,一流学科,公办,15700
南京邮电大学,电子信息工程,7,615,17272,7,599,17364,5,596,17274,省重点,一流学科,公办,17303
南京邮电大学,微电子科学与工程,none,none,none,none,none,none,6,593,19267,省重点,一流学科,公办,19267
南宁师范大学,电子信息工程,none,none,none,none,none,none,3,502,145295,none,none,公办,145295
南宁师范大学,电子信息工程(中外合作办学)(与港澳台合作办学),none,none,none,3,485,184733,none,none,none,none,none,公办,184733
南通大学,机械电子工程,none,none,none,none,none,none,2,563,43529,省重点,none,公办,43529
南阳理工学院,电子信息工程,4,498,173838,4,489,174712,4,489,175531,none,none,公办,174694
南阳师范学院,电子信息类,8,485,199897,9,481,192532,12,479,199734,none,none,公办,197388
内蒙古大学,电子科学与技术,4,592,32966,4,579,30863,4,577,30940,211,一流学科,公办,31590
内蒙古大学,电子信息类,8,591,33535,8,578,31408,5,577,31002,211,一流学科,公办,31982
内蒙古工业大学,电子信息工程,3,513,144641,3,506,137488,3,506,135442,省重点,none,公办,139190
内蒙古工业大学,电子信息科学与技术,3,512,145579,none,none,none,none,none,none,省重点,none,公办,145579
内蒙古工业大学,交通运输(航空电子方向),none,none,none,3,496,158921,3,496,159723,省重点,none,公办,159322
内蒙古科技大学包头师范学院,电子信息科学与技术,2,491,187846,2,483,189440,2,481,193484,none,none,公办,190257
内蒙古科技大学,电子信息工程,3,514,141552,none,none,none,none,none,none,none,none,公办,141552
内蒙古科技大学,机械电子工程,6,504,161064,none,none,none,none,none,none,none,none,公办,161064
内蒙古科技大学,电子信息工程,4,498,172920,none,none,none,none,none,none,none,none,公办,172920
内蒙古农业大学,电子科学与技术,4,504,161622,6,494,162769,6,495,160659,省重点,none,公办,161683
宁波大学,电子信息类,3,603,24386,3,588,24237,2,587,23259,省重点,一流学科,公办,23961
宁波大学,微电子科学与工程,none,none,none,none,none,none,1,587,22973,省重点,一流学科,公办,22973
宁波工程学院,电子科学与技术,3,528,116610,3,516,116517,3,515,117274,none,none,公办,116800
宁夏大学,电子信息类,4,590,34236,4,577,32256,8,575,32494,211,一流学科,公办,32995
宁夏师范学院,电子科学与技术(非师范),none,none,none,none,none,none,3,473,213294,none,none,公办,213294
莆田学院,电子信息工程,2,485,199838,none,none,none,none,none,none,none,none,公办,199838
齐鲁工业大学,电子信息工程,53,540,96090,43,533,85995,69,535,80740,none,none,公办,87608
齐鲁工业大学,电子信息科学与技术,57,539,98055,52,530,90529,none,none,none,none,none,公办,94292
齐鲁工业大学,微电子科学与工程,15,540,96554,none,none,none,40,529,90819,none,none,公办,93687
齐鲁师范学院,电子信息工程,40,504,162442,40,494,163018,95,491,170417,none,none,公办,165292
齐鲁师范学院,电子信息工程(校企合作，与北京华晟经世公司合作),60,481,207733,40,476,204610,none,none,none,none,none,公办,206172
齐齐哈尔大学,电子信息类,2,508,153889,2,504,141239,2,503,142135,省重点,none,公办,145754
青岛大学,电子信息工程,none,none,none,none,none,none,73,564,42758,省重点,none,公办,42758
青岛大学,电子信息工程(地方专项计划),none,none,none,none,none,none,5,562,44456,省重点,none,公办,44456
青岛大学,电子信息类,130,583,40703,130,566,41901,none,none,none,省重点,none,公办,41302
青岛大学,电子信息类(地方专项计划),10,579,45006,10,565,43552,none,none,none,省重点,none,公办,44279
青岛大学,微电子科学与工程,81,578,45895,81,562,46712,83,560,47196,省重点,none,公办,46601
青岛科技大学,电子信息科学与技术,24,568,56782,42,553,57320,40,551,57873,省重点,none,公办,57325
青岛科技大学,微电子科学与工程,60,560,67128,60,545,66788,30,546,64280,省重点,none,公办,66065
青岛理工大学,电子信息工程,25,564,62092,47,549,62201,50,547,63647,省重点,none,公办,62647
青岛理工大学,电子信息类(地方专项计划),28,552,77476,25,541,73179,none,none,none,省重点,none,公办,75328
青岛农业大学,电子信息工程,70,518,135462,70,509,129936,70,511,126696,省重点,none,公办,130698
青岛农业大学,电子信息工程(校企合作，与青岛英谷教育科技公司合作),80,500,170496,80,494,163742,80,495,161916,省重点,none,公办,165385
青岛农业大学,电子信息科学与技术,70,517,136341,none,none,none,none,none,none,省重点,none,公办,136341
青海师范大学,电子信息工程,2,503,164009,3,497,156243,3,500,149112,省重点,none,公办,156455
曲阜师范大学,电子信息工程,28,539,97447,28,529,93198,29,530,89289,省重点,none,公办,93311
曲阜师范大学,电子信息工程(地方专项计划),6,535,103995,6,523,102725,none,none,none,省重点,none,公办,103360
泉州师范学院,学院电子信息工程,2,466,239074,2,465,229049,none,none,none,none,none,公办,234062
三明学院,电子信息工程,3,487,195873,none,none,none,none,none,none,none,none,公办,195873
厦门大学,电子信息类,6,649,4789,7,632,4735,12,629,4666,"985,211",一流大学,公办,4730
厦门理工学院,电子信息工程(中外合作办学),none,none,none,8,523,103981,6,518,112461,省重点,none,公办,108221
厦门理工学院,电子信息类,7,551,78946,none,none,none,none,none,none,省重点,none,公办,78946
山东大学,电子信息类(通信电子与光电方向),103,640,7018,110,622,7320,120,619,7423,"985,211",一流大学,公办,7254
山东大学,电子信息类(微电子与电路集成方向),62,638,7707,72,621,7807,70,617,7912,"985,211",一流大学,公办,7809
山东大学威海分校,电子信息类,48,620,14679,49,606,13561,57,605,12907,"985,211",一流大学,公办,13716
山东大学威海分校,电子信息类(威海走读),none,none,none,none,none,none,3,603,13592,"985,211",一流大学,公办,13592
山东第一医科大学,电子信息科学与技术(校企合作，与健康力北京医疗科技合作),none,none,none,40,503,142362,50,490,172892,none,none,公办,157627
山东第一医科大学,电子信息科学与技术(校企合作，与健康力医疗科技有限公司合作),none,none,none,50,488,177648,none,none,none,none,none,公办,177648
山东第一医科大学,电子信息类,none,none,none,none,none,none,105,507,133419,none,none,公办,133419
山东第一医科大学,电子信息类(地方专项计划),none,none,none,none,none,none,20,504,140898,none,none,公办,140898
山东工商学院,电子科学与技术(校企合作，与青软创新科技集团合作),none,none,none,80,478,199342,80,476,206851,none,none,公办,203097
山东工商学院,电子信息工程,none,none,none,none,none,none,62,491,169387,none,none,公办,169387
山东工商学院,电子信息类,59,501,167187,58,493,165709,none,none,none,none,none,公办,166448
山东管理学院,电子信息工程,none,none,none,none,none,none,67,483,188571,none,none,公办,188571
山东管理学院,电子信息工程(校企合作，与青岛青软实训教育科技公司合作),none,none,none,40,478,201194,none,none,none,none,none,公办,201194
山东建筑大学,电子信息工程,64,526,120111,64,515,118182,51,515,116849,省重点,none,公办,118381
山东建筑大学,机械电子工程,88,518,134048,80,507,134582,80,507,133760,省重点,none,公办,134130
山东建筑大学,机械电子工程(济南走读),none,none,none,none,none,none,10,501,147824,省重点,none,公办,147824
山东交通学院,船舶电子电气工程(校企合作，与山东东弘国际船员有限公司合作),none,none,none,40,478,199549,40,475,210117,none,none,公办,204833
山东交通学院,电子信息工程,28,502,164940,48,494,162700,42,495,160092,none,none,公办,162577
山东交通学院,机械电子工程,60,497,175901,45,488,176700,36,488,177403,none,none,公办,176668
山东科技大学,电子信息工程,79,576,48598,88,561,47963,102,560,47028,省重点,none,公办,47863
山东科技大学,电子信息工程(地方专项计划),21,565,60634,20,556,53377,none,none,none,省重点,none,公办,57006
山东科技大学,电子信息科学与技术,42,574,50091,46,559,49704,50,558,49045,省重点,none,公办,49613
山东科技大学,机械电子工程,73,567,57994,105,551,59766,141,549,61147,省重点,none,公办,59636
山东科技大学,机械电子工程(地方专项计划),21,560,66719,20,546,65735,none,none,none,省重点,none,公办,66227
山东科技大学,机械电子工程(中外合作办学)(就读地点济南，只提供英语教学、其他语,none,none,none,65,482,190607,70,481,194390,省重点,none,公办,192499
山东理工大学,电子信息工程,139,531,110872,138,521,106638,140,522,103304,省重点,none,公办,106938
山东理工大学,机械电子工程,none,none,none,none,none,none,89,509,129896,省重点,none,公办,129896
山东理工大学,机械电子工程(地方专项计划),none,none,none,none,none,none,10,510,128198,省重点,none,公办,128198
山东理工大学,微电子科学与工程,none,none,none,40,517,113930,40,519,110476,省重点,none,公办,112203
山东理工大学,微电子科学与工程(校企合作，与青软创新科技集团合作),none,none,none,40,499,153113,40,501,146656,省重点,none,公办,149885
山东农业大学,电子信息科学与技术,62,523,125246,44,514,119558,44,515,117071,省重点,none,公办,120625
山东农业工程学院,机械电子工程,35,489,191531,40,479,197230,70,476,205885,none,none,公办,198215
山东青年政治学院,电子信息工程(校企合作，与青岛英谷教育科技公司合作),none,none,none,80,475,206724,80,473,213419,none,none,公办,210072
山东师范大学,电子信息类,33,580,43603,30,565,43380,25,564,42313,省重点,none,公办,43099
山东师范大学,电子信息类(地方专项计划),9,571,53731,12,558,51500,12,558,49659,省重点,none,公办,51630
山西大同大学,电子信息科学与技术,none,none,none,10,501,147976,none,none,none,none,none,公办,147976
山西大学,电子信息类,none,none,none,5,571,37364,9,573,34070,省重点,一流学科,公办,35717
山西大学,机械电子工程,none,none,none,5,561,47288,3,566,40830,省重点,一流学科,公办,44059
山西工程技术学院,机械电子工程,1,491,188418,2,481,193087,2,476,205415,none,none,公办,195640
山西工学院,电子信息工程,none,none,none,6,478,200720,4,477,203648,none,none,公办,202184
山西工学院,机械电子工程,none,none,none,none,none,none,2,476,205947,none,none,公办,205947
山西科技学院,电子信息工程,none,none,none,none,none,none,2,481,193222,none,none,公办,193222
山西能源学院,机械电子工程,1,490,190006,3,478,200381,3,476,206877,none,none,公办,199088
山西农业大学,电子信息科学与技术,none,none,none,none,none,none,2,508,132078,全国重点,none,公办,132078
山西农业大学,电子信息类,none,none,none,2,506,136715,none,none,none,全国重点,none,公办,136715
山西师范大学,电子信息工程,none,none,none,none,none,none,2,537,78545,省重点,none,公办,78545
商丘师范学院,电子信息工程,2,496,177459,2,487,179600,2,486,183018,none,none,公办,180026
上海电机学院,电子信息工程,none,none,none,none,none,none,2,535,81378,none,none,公办,81378
上海电机学院,机械电子工程(中外合作办学)(中德合作),none,none,none,3,534,84799,5,523,102333,none,none,公办,93566
上海电力大学,电子信息工程,3,601,25780,3,585,25965,3,584,25267,none,none,公办,25671
上海电力大学,机械电子工程,2,598,28003,4,577,31802,4,574,33292,none,none,公办,31032
上海工程技术大学,电子封装技术,none,none,none,4,559,49304,4,556,52165,none,none,公办,50735
上海工程技术大学,电子信息类,none,none,none,8,575,33975,8,571,35815,none,none,公办,34895
上海海事大学,机械电子工程(中外合作办学),6,574,49987,6,557,51824,6,552,56348,省重点,none,公办,52720
上海交通大学,电子信息类(IEEE试点班，含双学士学位项目),none,none,none,8,675,205,4,670,178,"C9,985,211",一流大学,公办,192
上海理工大学,电子信息科学与技术(中外合作办学)(中英合作),3,594,31074,3,575,33756,3,569,37545,省重点,none,公办,34125
上海理工大学,工科试验班(电子与信息类),5,616,17002,5,596,18812,5,592,19808,省重点,none,公办,18541
上海师范大学,电子信息工程(中外合作办学),none,none,none,4,560,48935,none,none,none,省重点,none,公办,48935
上海师范大学,电子信息工程(中外合作办学)(中美合作),4,576,47984,none,none,none,7,557,50179,省重点,none,公办,49082
上海师范大学,电子信息类,16,595,30424,7,578,31100,13,574,32942,省重点,none,公办,31489
邵阳学院,电子信息工程,3,493,183352,3,484,187616,3,482,192792,none,none,公办,187920
绍兴文理学院,电子信息类,5,522,127877,5,516,116792,5,512,123114,none,none,公办,122594
深圳大学,电子科学与技术,2,626,12177,2,607,12936,none,none,none,none,none,公办,12557
深圳大学,电子信息工程,3,625,12467,2,607,13198,3,603,13699,none,none,公办,13121
沈阳工业大学,电子科学与技术,2,566,59722,2,550,61095,3,548,62545,省重点,none,公办,61121
沈阳航空航天大学,电子信息工程,1,597,28886,1,581,28549,1,577,30224,none,none,公办,29220
沈阳航空航天大学,机械电子工程,2,583,40997,2,566,42786,1,563,43519,none,none,公办,42434
沈阳化工大学,电子科学与技术,2,535,104501,2,524,101135,2,523,101919,省重点,none,公办,102518
沈阳化工大学,电子信息工程,2,526,119473,2,518,112438,2,518,112436,省重点,none,公办,114782
沈阳化工大学,机械电子工程,2,517,137155,2,506,137606,none,none,none,省重点,none,公办,137381
沈阳建筑大学,机械电子工程,1,558,69411,1,543,69796,1,540,73063,省重点,none,公办,70757
沈阳理工大学,电子信息工程,1,563,62821,1,548,63158,1,567,39731,省重点,none,公办,55237
沈阳理工大学,电子信息科学与技术,1,555,73614,1,568,39881,none,none,none,省重点,none,公办,56748
沈阳理工大学,机械电子工程,3,549,81946,3,535,81905,1,536,79906,省重点,none,公办,81252
沈阳农业大学,电子信息工程,none,none,none,none,none,none,3,513,121962,全国重点,none,公办,121962
沈阳师范大学,电子信息工程,5,523,126380,5,515,118806,5,514,120651,none,none,公办,121946
石河子大学,电子信息工程,6,565,60315,4,559,50278,4,562,44522,211,一流学科,公办,51705
石家庄铁道大学,电子信息类,none,none,none,3,556,53061,3,555,53100,全国重点,none,公办,53081
首都师范大学,电子信息工程,3,613,18381,4,595,19708,4,591,20633,省重点,一流学科,公办,19574
四川大学,电子信息工程(中外合作办学),none,none,none,none,none,none,2,606,12580,"985,211",一流大学,公办,12580
四川大学,电子信息类,10,648,4942,10,630,5178,10,627,5117,"985,211",一流大学,公办,5079
四川轻化工大学,电子信息工程,2,511,147569,3,513,122151,2,516,116310,none,none,公办,128677
四川师范大学,电子信息类,6,561,65417,3,550,60562,2,553,56007,省重点,none,公办,60662
苏州大学,电子信息类,1,630,10698,2,613,10691,4,609,11137,211,一流学科,公办,10842
苏州大学,机械电子工程,none,none,none,2,605,14303,none,none,none,211,一流学科,公办,14303
宿州学院,电子信息类,none,none,none,6,480,195027,none,none,none,none,none,公办,195027
绥化学院,电子信息工程,7,487,197280,7,479,197771,4,475,207881,none,none,公办,200977
台州学院,电子信息工程,5,505,159770,5,498,153784,5,498,153431,none,none,公办,155662
台州学院,机械电子工程,4,501,167298,4,493,164751,4,493,165593,none,none,公办,165881
太原工业学院,电子信息类,none,none,none,16,484,187121,13,481,194841,none,none,公办,190981
太原科技大学,电子信息工程,2,541,94341,2,532,86642,2,535,81821,none,none,公办,87601
太原科技大学,机械电子工程,4,531,111274,4,521,106946,4,523,102007,none,none,公办,106742
太原理工大学,电子科学与技术,3,603,24648,1,590,22944,1,588,22404,211,一流学科,公办,23332
太原理工大学,电子科学与技术(集成电路),none,none,none,2,590,22369,2,589,21895,211,一流学科,公办,22132
太原理工大学,电子科学与技术(集成电路方向),none,none,none,none,none,none,none,none,none,211,一流学科,公办,none
太原理工大学,电子信息工程,6,604,24005,6,590,22781,6,588,22630,211,一流学科,公办,23139
太原理工大学,机械电子工程,12,598,27898,12,582,28185,8,581,27257,211,一流学科,公办,27780
太原理工大学,应用物理学(微电子方向),none,none,none,1,590,22995,none,none,none,211,一流学科,公办,22995
泰山学院,电子信息科学与技术(校企合作，与青软创新科技集团有限公司合作),none,none,none,50,475,206643,50,472,215364,none,none,公办,211004
泰山学院,电子信息类,85,495,179505,132,485,184587,97,482,190801,none,none,公办,184964
唐山师范学院,电子信息科学与技术,6,492,186735,6,483,189341,6,479,198785,none,none,公办,191620
天津城建大学,电子信息类,1,558,69390,1,545,67805,1,546,64973,none,none,公办,67389
天津大学,工科试验班(电子科学技术类),11,654,3739,11,636,3835,none,none,none,"985,211",一流大学,公办,3787
天津工业大学,电子科学与技术,4,597,28872,4,582,28226,4,581,27574,省重点,一流学科,公办,28224
天津工业大学,电子信息工程,5,597,28809,5,583,27481,6,582,26488,省重点,一流学科,公办,27593
天津工业大学,机械电子工程,4,596,30108,6,579,30614,6,578,29974,省重点,一流学科,公办,30232
天津科技大学,电子信息类,4,589,35501,4,572,36315,none,none,none,省重点,none,公办,35908
天津科技大学,微电子科学与工程,none,none,none,none,none,none,4,568,38416,省重点,none,公办,38416
天津理工大学,电子信息工程,7,595,30504,9,577,31831,9,575,32198,none,none,公办,31511
天津理工大学,机械电子工程,5,591,33316,7,573,35830,7,568,38436,none,none,公办,35861
天津师范大学,电子信息科学与技术,2,592,32717,2,575,33844,2,572,34829,省重点,none,公办,33797
天津职业技术师范大学,电子科学与技术,none,none,none,none,none,none,3,520,107499,none,none,公办,107499
天津职业技术师范大学,微电子科学与工程(师范类),none,none,none,none,none,none,5,521,105916,none,none,公办,105916
天津中德应用技术大学,机械电子工程,8,498,173315,4,497,157014,6,495,160573,none,none,公办,163634
潍坊学院,电子科学与技术,20,499,171840,26,490,172517,37,489,174210,none,none,公办,172856
潍坊学院,电子科学与技术(校企合作，与歌尔股份公司合作共建产业学院),none,none,none,40,474,209026,40,472,215996,none,none,公办,212511
潍坊学院,电子科学与技术(校企合作，与青岛英谷教育科技公司合作),none,none,none,60,475,206153,80,473,213430,none,none,公办,209792
潍坊学院,电子信息工程,53,498,173413,50,489,174151,none,none,none,none,none,公办,173782
潍坊学院,电子信息工程(校企合作，与歌尔股份公司合作共建产业学院),none,none,none,40,474,209705,40,472,215181,none,none,公办,212443
潍坊学院,微电子科学与工程,26,497,176300,26,486,180739,none,none,none,none,none,公办,178520
温州大学,电子信息科学与技术,1,576,48203,1,563,45144,1,567,39680,省市共建,none,公办,44342
无锡学院,电子科学与技术,2,467,236504,2,501,147662,2,511,126454,none,none,公办,170207
无锡学院,电子信息工程,2,473,225486,2,503,142413,2,517,112851,none,none,公办,160250
梧州学院,电子信息工程,4,485,199494,2,484,186511,2,480,196507,none,none,公办,194171
五邑大学,电子信息工程,1,539,97378,1,534,83392,2,530,89735,none,none,公办,90168
武汉大学,电子信息类(含卓越工程师教育培养计划),none,none,none,11,645,2239,14,642,2177,"985,211",一流大学,公办,2208
武汉工程大学,电子信息工程(含集成电路设计、模式识别与智能系统方向),none,none,none,none,none,none,3,567,39638,none,none,公办,39638
武汉工程大学,电子信息类,5,585,38974,4,570,38389,none,none,none,none,none,公办,38682
武汉工程大学,光电信息科学与工程(含微电子、光器件方向),none,none,none,none,none,none,4,569,38107,none,none,公办,38107
武汉工程大学,化学工程与工艺(智能化工、精细化学品、电子化学品材料方向),none,none,none,none,none,none,2,571,35948,none,none,公办,35948
武汉工程大学,机械电子工程(半导体芯片方向),none,none,none,none,none,none,2,563,43447,none,none,公办,43447
武汉理工大学,电子信息类,none,none,none,31,603,15133,30,600,15045,211,一流学科,公办,15089
武汉理工大学,电子信息类(通信本硕实验班),none,none,none,none,none,none,4,607,11878,211,一流学科,公办,11878
武汉理工大学,电子信息类(微电子本硕实验班),none,none,none,none,none,none,3,605,12683,211,一流学科,公办,12683
武汉轻工大学,电子信息类,2,567,58453,4,552,57541,4,549,60386,省重点,none,公办,58793
西安电子科技大学,电子信息工程(中外合作办学),15,602,25342,15,584,26361,15,580,28355,211,一流学科,公办,26686
西安电子科技大学,电子信息类,101,635,8786,118,616,9566,118,613,9641,211,一流学科,公办,9331
西安工程大学,微电子科学与工程,3,555,73570,3,544,68484,3,544,68257,none,none,公办,70104
西安工业大学,电子科学与技术,2,567,58668,2,553,57109,2,552,56440,none,none,公办,57406
西安工业大学,机械电子工程,2,565,60849,2,551,59531,3,549,60793,none,none,公办,60391
西安科技大学,电子科学与技术,none,none,none,2,568,40374,2,567,39317,省重点,none,公办,39846
西安科技大学,电子信息工程,2,584,39581,2,569,39255,2,569,37905,省重点,none,公办,38914
西安科技大学,机械电子工程,2,583,40772,2,565,43419,2,562,44862,省重点,none,公办,43018
西安理工大学,电子科学与技术,3,592,32731,2,577,32388,4,575,32288,省重点,none,公办,32469
西安理工大学,电子科学与技术(中外合作办学),none,none,none,3,546,65870,3,549,60759,省重点,none,公办,63315
西安理工大学,微电子科学与工程,4,591,33579,4,575,34020,3,573,34253,省重点,none,公办,33951
西安石油大学,电子信息工程,2,569,55751,2,558,50643,2,556,51640,none,none,公办,52678
西安石油大学,机械电子工程,2,557,70852,2,566,42104,2,560,47254,none,none,公办,53403
西安邮电大学,电子信息工程(中外合作办学),none,none,none,none,none,none,8,550,59099,none,none,公办,59099
西安邮电大学,电子信息科学与技术,6,594,31626,6,576,32632,6,574,33566,none,none,公办,32608
西安邮电大学,微电子科学与工程,3,591,33564,3,574,35048,3,572,34620,none,none,公办,34411
西北大学,电子信息科学与技术(中外合作办学),10,584,40162,10,572,36292,10,570,36477,211,一流学科,公办,37644
西北大学,电子信息类,3,616,16972,8,599,17137,8,596,17484,211,一流学科,公办,17198
西北工业大学,电子信息类,22,643,6209,12,627,6071,10,626,5284,"985,211",一流大学,公办,5855
西北工业大学,柔性电子学,none,none,none,none,none,none,none,none,none,"985,211",一流大学,公办,none
西北工业大学,柔性电子学(本研衔接班),none,none,none,3,627,6060,3,624,5768,"985,211",一流大学,公办,5914
西北工业大学,微电子科学与工程,none,none,none,10,625,6444,10,623,6039,"985,211",一流大学,公办,6242
西北民族大学,电子信息类,8,507,156238,7,497,156058,6,496,158570,省重点,none,公办,156955
西北农林科技大学,电子信息工程,3,613,18589,4,597,18127,4,595,18017,"985,211",一流大学,公办,18244
西华师范大学,电子信息工程,4,527,117839,4,518,111823,4,517,113562,省重点,none,公办,114408
西南大学,电子信息工程(中外合作办学),3,591,33722,3,578,31302,3,574,33214,211,一流学科,公办,32746
西南大学,电子信息类,3,617,16410,3,601,16091,3,598,16127,211,一流学科,公办,16209
西南交通大学,电子信息工程,10,620,15052,10,604,14670,9,602,14214,211,一流学科,公办,14645
西南交通大学,电子信息工程(中外合作办学),none,none,none,none,none,none,5,576,31618,211,一流学科,公办,31618
西南交通大学,电子信息科学与技术,11,618,15968,11,602,15423,3,601,14538,211,一流学科,公办,15310
西南交通大学,电子信息类,5,621,14351,5,605,14168,3,602,13979,211,一流学科,公办,14166
西南交通大学,电子信息类(中外合作办学),3,600,26540,3,583,27087,none,none,none,211,一流学科,公办,26814
西南科技大学,电子信息类,6,569,55787,4,553,56793,5,552,57017,省重点,none,公办,56532
西南林业大学,电子信息工程,2,519,133353,3,509,131544,3,507,133807,省重点,none,公办,132901
西南林业大学,机械电子工程,3,517,135804,3,506,136004,3,503,142112,省重点,none,公办,137973
西南民族大学,电子信息类,3,558,69702,3,545,66873,8,545,66143,none,none,公办,67573
西南民族大学,电子信息类(只招少数民族考生),4,513,143420,3,519,110429,none,none,none,none,none,公办,126925
湘潭大学,微电子科学与工程,3,593,32205,3,575,33685,4,576,31140,全国重点,一流学科,公办,32343
忻州师范学院,电子信息科学与技术,2,497,175204,2,487,179466,4,483,189062,none,none,公办,181244
新疆大学,电子信息工程,6,578,45709,5,572,36259,5,572,35007,211,一流大学,公办,38992
新疆工程学院,机械电子工程,none,none,none,4,473,211205,9,471,218959,none,none,公办,215082
新疆理工学院,机械电子工程,none,none,none,none,none,none,10,468,224935,none,none,公办,224935
新疆农业大学,电子信息科学与技术,none,none,none,10,483,189537,5,485,183884,省重点,none,公办,186711
新疆师范大学,电子信息科学与技术,3,498,172985,5,491,170913,12,488,177622,省重点,none,公办,173840
新乡学院,电子信息类,6,487,196570,4,479,197229,6,477,203494,none,none,公办,199098
新余学院,电子信息工程,2,490,189471,2,483,189110,2,483,189063,none,none,公办,189215
徐州工程学院,电子信息工程,10,502,164883,10,494,163691,10,496,157958,none,none,公办,162177
徐州工程学院,机械电子工程(中外合作办学),2,484,202624,2,477,201654,2,475,208825,none,none,公办,204368
许昌学院,电子信息工程,none,none,none,5,485,184131,5,482,191338,none,none,公办,187735
烟台大学,电子信息科学与技术,105,544,89667,115,530,89902,119,530,89260,省重点,none,公办,89610
延安大学,电子信息工程,none,none,none,2,515,118005,2,519,109029,省重点,none,公办,113517
延边大学,电子信息类,4,600,26506,4,584,26462,5,581,27021,211,一流学科,公办,26663
燕山大学,电子科学与技术,12,594,31630,2,568,40761,4,545,65697,全国重点,none,公办,46029
燕山大学,电子科学与技术(中外合作办学),none,none,none,none,none,none,10,532,85746,全国重点,none,公办,85746
燕山大学,电子信息工程,6,598,28426,2,584,26681,2,581,27585,全国重点,none,公办,27564
燕山大学,电子信息类,none,none,none,16,579,30344,6,578,29798,全国重点,none,公办,30071
伊犁师范大学,电子信息工程,9,480,210154,10,475,206874,5,475,209030,none,none,公办,208686
伊犁师范大学,电子信息科学与技术,9,479,211851,none,none,none,5,474,211910,none,none,公办,211881
玉林师范学院,机械电子工程,none,none,none,none,none,none,5,469,222343,none,none,公办,222343
云南大学,电子信息类,10,601,25841,8,586,25524,8,584,25064,211,一流大学,公办,25476
云南农业大学,机械电子工程,none,none,none,1,501,147013,1,502,144473,省重点,none,公办,145743
云南师范大学,电子信息类,none,none,none,none,none,none,4,535,81446,省重点,none,公办,81446
运城学院,电子科学与技术(印制电路技术与工艺方向),none,none,none,none,none,none,10,473,213735,none,none,公办,213735
运城学院,机械电子工程,5,488,195164,15,478,200448,20,473,212660,none,none,公办,202757
枣庄学院,电子信息工程(校企合作，与中软创新研究院合作),none,none,none,55,471,215308,40,470,221056,none,none,公办,218182
长安大学,电子信息类,13,605,23267,12,590,22498,11,588,22507,211,一流学科,公办,22757
长春大学,电子信息工程(中外合作办学),3,499,171716,5,488,177819,2,487,180644,none,none,公办,176726
长春工程学院,电子信息工程,2,508,153115,2,500,149261,none,none,none,none,none,公办,151188
长春工业大学,电子信息工程,5,536,102573,5,524,100794,5,523,101425,省重点,none,公办,101597
长春工业大学,机械电子工程,1,542,93786,1,533,85304,1,531,87892,省重点,none,公办,88994
长春理工大学,电子科学与技术,3,576,48306,3,559,49909,2,559,48297,省重点,none,公办,48837
长春理工大学,电子科学与技术(中外合作办学),none,none,none,none,none,none,8,505,138447,省重点,none,公办,138447
长春理工大学,电子信息工程,4,571,53137,4,556,53446,2,557,50254,省重点,none,公办,52279
长春理工大学,电子信息科学与技术,6,569,56177,4,553,56280,2,553,55027,省重点,none,公办,55828
长春理工大学,机械电子工程,6,561,65277,6,546,66065,5,544,67504,省重点,none,公办,66282
长春理工大学,微电子科学与工程,5,572,52721,4,556,53641,4,554,53848,省重点,none,公办,53403
长江大学,电子信息类(国家一流专业、教育部卓越工程师培养计划),none,none,none,4,557,52229,none,none,none,省重点,none,公办,52229
长江大学,电子信息类(教育部卓越工程师、省支柱产业人才培养计划),none,none,none,none,none,none,4,556,51743,省重点,none,公办,51743
长江师范学院,电子信息类,none,none,none,4,494,163048,2,502,145192,none,none,公办,154120
长沙理工大学,电子信息工程,2,593,32360,2,577,32186,2,576,31318,省重点,none,公办,31955
长沙理工大学,电子信息类,2,593,31784,2,575,33788,2,575,32611,省重点,none,公办,32728
长沙师范学院,电子信息工程,none,none,none,2,489,174104,none,none,none,none,none,公办,174104
长沙学院,电子信息工程,2,516,138454,2,510,128346,2,509,129816,none,none,公办,132205
长治学院,电子信息科学与技术,2,490,189331,2,482,190043,1,480,196270,none,none,公办,191881
浙大城市学院,电子信息类,8,549,82337,10,538,78033,5,539,75844,none,none,公办,78738
浙大城市学院,机械电子工程,none,none,none,none,none,none,10,526,96632,none,none,公办,96632
浙江传媒学院,电子科学与技术(演艺工程与舞台技术),3,565,60169,4,548,63565,3,536,80300,none,none,公办,68011
浙江工商大学,电子信息类,8,594,31317,6,574,34420,6,573,34489,省重点,none,公办,33409
浙江理工大学,电子信息类,3,600,26551,3,584,26442,2,582,26422,省重点,none,公办,26472
浙江农林大学,电子信息工程,1,575,49709,4,558,50715,2,558,49009,省重点,none,公办,49811
浙江师范大学,电子信息类,none,none,none,5,576,32736,5,572,35412,省重点,none,公办,34074
郑州大学,电子信息类,12,612,19210,12,596,18966,12,593,19080,211,一流大学,公办,19085
郑州工程技术学院,电子信息工程,none,none,none,none,none,none,3,486,181181,none,none,公办,181181
郑州航空工业管理学院,电子信息类,3,512,147074,5,501,147893,2,501,146954,none,none,公办,147307
郑州轻工业大学,电子信息工程,none,none,none,3,521,106264,3,525,98398,none,none,公办,102331
郑州轻工业大学,微电子科学与工程,none,none,none,none,none,none,3,520,107436,none,none,公办,107436
中北大学,电子信息类,20,571,53700,25,555,54903,28,552,56850,省重点,none,公办,55151
中国传媒大学,电子信息工程,2,626,12090,2,609,12347,3,604,13158,211,一流学科,公办,12532
中国地质大学(北京),电子信息工程,2,616,16979,3,601,16044,3,598,16273,211,一流学科,公办,16432
中国地质大学(武汉),电子信息类,14,608,21534,14,593,20765,21,590,20854,211,一流学科,公办,21051
中国海洋大学,电子信息类,41,627,11613,44,610,12077,44,606,12385,"985,211",一流大学,公办,12025
中国计量大学,电子科学与技术,4,594,31251,4,575,33646,4,572,35149,省市共建,none,公办,33349
中国计量大学,电子信息类,7,594,31490,6,576,33381,6,572,34703,省市共建,none,公办,33191
中国计量大学,微电子科学与工程,4,591,34067,1,573,35870,none,none,none,省市共建,none,公办,34969
中国科学院大学,电子信息工程,2,685,278,2,669,356,2,665,318,none,一流学科,公办,317
中国矿业大学,电子信息类,50,602,25082,52,589,23549,52,587,22829,211,一流学科,公办,23820
中国民航大学,电子信息工程(航空电子),26,574,49998,22,558,51226,none,none,none,省重点,none,公办,50612
中国民航大学,工科试验班(电子信息与电气自动化),none,none,none,none,none,none,51,561,45801,省重点,none,公办,45801
中国民用航空飞行学院,电子信息工程(航空电子设备维修),none,none,none,4,531,88212,6,530,90273,省重点,none,公办,89243
中国农业大学,电子信息类,8,642,6442,4,626,6301,4,623,6158,"985,211",一流大学,公办,6300
中国人民警察大学,电子信息工程(智慧消防方向),3,566,59710,3,552,58193,none,none,none,none,none,公办,58952
中国石油大学(北京),电子信息工程,5,615,17404,5,600,16452,5,599,15819,211,一流学科,公办,16558
中国石油大学(华东),电子信息工程,21,611,19815,21,596,18873,22,595,18163,211,一流学科,公办,18950
中南大学,电子信息类,10,642,6675,10,625,6446,10,622,6415,"985,211",一流大学,公办,6512
中南林业科技大学,电子信息类,none,none,none,2,548,63463,2,547,63978,省重点,none,公办,63721
中南民族大学,电子信息类,4,562,63977,4,550,61128,12,548,62775,省重点,none,公办,62627
中南民族大学,电子信息类(只招少数民族考生),9,531,111142,8,530,90658,none,none,none,省重点,none,公办,100900
中山大学,电子信息类(广州),6,659,2822,none,none,none,20,634,3537,"985,211",一流大学,公办,3180
中央民族大学,电子信息类,4,625,12431,3,608,12534,12,603,13598,"985,211",一流大学,公办,12854
重庆工商大学,电子信息工程,3,574,49939,3,558,51161,3,556,51955,省重点,none,公办,51018
重庆交通大学,电子信息类,none,none,none,3,566,42131,3,565,41933,省重点,none,公办,42032
重庆理工大学,电子信息工程(中外合作办学),none,none,none,11,528,94316,none,none,none,省重点,none,公办,94316
重庆理工大学,电子信息类,6,573,51979,5,559,49708,4,559,48036,省重点,none,公办,49908
重庆三峡学院,电子信息工程,none,none,none,3,496,159804,none,none,none,none,none,公办,159804
重庆文理学院,电子信息类,3,514,143022,3,503,143199,2,503,143601,none,none,公办,143274
重庆邮电大学,电子信息工程(中外合作办学),12,576,47983,12,556,52928,12,553,55721,省重点,none,公办,52211
重庆邮电大学,电子信息类(集成电路与电子工程类),none,none,none,19,580,29721,16,579,29297,省重点,none,公办,29509
重庆邮电大学,电子信息类(通信与信息类),10,600,26480,12,584,26552,12,582,26230,省重点,none,公办,26421
周口师范学院,电子信息工程,2,491,188092,2,486,182646,2,481,193646,none,none,公办,188128
周口师范学院,机械电子工程,none,none,none,2,480,194662,2,477,205223,none,none,公办,199943
国防科技大学,电子信息类,14,653,3939,14,635,4162,14,635,3351,"985,211",一流大学,军校,3817
保定理工学院,电子信息工程,none,none,none,none,none,none,2,460,245037,none,none,民办,245037
北京工业大学耿丹学院,电子信息类,2,473,225495,none,none,none,none,none,none,none,none,民办,225495
北京理工大学珠海学院,电子信息类,1,519,133174,3,504,140834,2,500,149003,none,none,民办,141004
成都锦城学院,电子信息类,none,none,none,3,478,201286,3,469,222868,none,none,民办,212077
大连东软信息学院,电子信息工程,2,472,226773,5,466,227030,5,466,230898,none,none,民办,228234
大连理工大学城市学院,电子信息工程,2,482,205973,2,472,213873,2,465,232295,none,none,民办,217380
电子科技大学成都学院,电子信息类,none,none,none,3,481,193167,none,none,none,none,none,民办,193167
东南大学成贤学院,电子科学与技术,none,none,none,1,485,184818,1,487,180576,none,none,民办,182697
东南大学成贤学院,电子信息工程,none,none,none,1,483,187719,1,484,186445,none,none,民办,187082
赣南师范大学科技学院,电子信息工程,5,467,236194,5,469,220211,5,466,230513,none,none,民办,228973
广东理工学院,机械电子工程,2,459,252254,4,460,240473,4,458,250752,none,none,民办,247826
贵阳信息科技学院,电子信息工程,none,none,none,4,468,222949,none,none,none,none,none,民办,222949
桂林学院,电子信息工程,none,none,none,none,none,none,4,458,250259,none,none,民办,250259
哈尔滨华德学院,电子信息工程,none,none,none,none,none,none,10,454,261259,none,none,民办,261259
汉口学院,电子信息工程,none,none,none,none,none,none,1,468,226754,none,none,民办,226754
汉口学院,电子信息工程(5G技术方向),none,none,none,1,469,221374,none,none,none,none,none,民办,221374
杭州师范大学钱江学院,电子信息工程,4,480,209830,none,none,none,none,none,none,none,none,民办,209830
河北东方学院,电子信息科学与技术,none,none,none,none,none,none,2,463,237775,none,none,民办,237775
河北工程大学科信学院,电子信息工程,2,479,211783,2,472,214132,2,472,216537,none,none,民办,214151
河北工程技术学院,电子信息工程,none,none,none,10,464,232822,10,459,248075,none,none,民办,240449
黑龙江东方学院,机械电子工程,none,none,none,none,none,none,5,457,252582,none,none,民办,252582
湖北汽车工业学院科技学院,电子信息工程(汽车电子),1,471,229795,1,469,221190,1,469,222710,none,none,民办,224565
湖南科技大学潇湘学院,电子信息工程,2,482,206287,1,480,195441,1,488,176399,none,none,民办,192709
集美大学诚毅学院,电子信息工程,2,482,206909,2,469,221290,2,471,217613,none,none,民办,215271
江苏大学京江学院,机械电子工程,3,474,223078,5,470,218873,5,468,225640,none,none,民办,222530
江西工程学院,电子信息工程,1,467,237401,1,469,220886,none,none,none,none,none,民办,229144
荆州学院,电子信息工程,none,none,none,2,463,234929,2,462,239938,none,none,民办,237434
丽江文化旅游学院,电子信息工程,none,none,none,none,none,none,2,458,249721,none,none,民办,249721
聊城大学东昌学院,电子信息工程(校企合作，与青岛青软实训教育有限公司合作),49,468,235219,30,469,221856,35,467,229339,none,none,民办,228805
南昌工学院,电子信息工程,none,none,none,2,466,226739,3,458,249550,none,none,民办,238145
南昌工学院,机械电子工程,4,469,232055,none,none,none,2,454,260163,none,none,民办,246109
南京理工大学紫金学院,电子信息类,2,488,194123,none,none,none,none,none,none,none,none,民办,194123
南京师范大学中北学院,电子信息工程,3,477,216595,3,477,201624,3,469,223227,none,none,民办,213815
南京邮电大学通达学院,电子科学与技术,none,none,none,2,472,213702,none,none,none,none,none,民办,213702
南京邮电大学通达学院,电子信息类,2,488,194696,none,none,none,none,none,none,none,none,民办,194696
南开大学滨海学院,电子信息科学与技术,1,496,178498,none,none,none,none,none,none,none,none,民办,178498
南通大学杏林学院,电子信息工程,3,477,216143,3,470,218232,none,none,none,none,none,民办,217188
宁夏理工学院,电子信息工程(集成电路智能制造),2,476,218737,2,470,219449,4,465,232917,none,none,民办,223701
齐鲁理工学院,电子信息工程,48,462,247078,52,460,240628,46,453,262227,none,none,民办,249978
齐鲁理工学院,机械电子工程,35,460,250274,32,459,243584,none,none,none,none,none,民办,246929
青岛滨海学院,电子科学与技术,21,465,240618,27,462,236041,34,456,255209,none,none,民办,243956
青岛工学院,电子信息工程,21,459,251848,21,459,242897,13,457,252095,none,none,民办,248947
青岛黄海学院,电子信息工程,34,459,252253,33,459,242981,29,453,263601,none,none,民办,252945
青岛农业大学海都学院,电子信息工程(校企合作，与山东中兴云聚教育科技有限公司合作),35,464,242334,25,467,225340,25,466,231384,none,none,民办,233019
泉州信息工程学院,微电子科学与工程,none,none,none,none,none,none,3,457,252587,none,none,民办,252587
三江学院,电子信息工程,2,486,198214,10,473,210909,5,467,227420,none,none,民办,212181
厦门工学院,电子信息工程,2,477,215943,2,471,216023,2,465,232931,none,none,民办,221632
山东工程职业技术大学,电子信息工程,30,459,252054,none,none,none,none,none,none,none,none,民办,252054
山东工程职业技术大学,电子信息工程技术,none,none,none,59,459,243398,50,450,269324,none,none,民办,256361
山东华宇工学院,电子信息工程,38,462,246777,45,462,237345,45,455,256840,none,none,民办,246987
山东华宇工学院,机械电子工程,43,459,252986,90,458,245787,45,452,264989,none,none,民办,254587
山东现代学院,电子信息工程,30,464,243679,30,462,237597,40,453,262531,none,none,民办,247936
山东协和学院,电子信息工程,none,none,none,38,464,232888,35,458,249780,none,none,民办,241334
山东协和学院,电子信息工程(校企合作，与黄冈教育谷控股有限公司合作),none,none,none,none,none,none,40,453,261710,none,none,民办,261710
山东协和学院,电子信息工程(校企合作，与无锡中兴教育管理有限公司合作),none,none,none,5,463,233571,none,none,none,none,none,民办,233571
山东协和学院,机械电子工程,10,468,235660,13,465,230354,36,458,250967,none,none,民办,238994
山东英才学院,电子信息工程(校企合作，与中兴通讯股份有限公司合作),none,none,none,15,458,245616,15,452,265675,none,none,民办,255646
山西应用科技学院,电子信息工程,none,none,none,5,464,231455,none,none,none,none,none,民办,231455
四川工业科技学院,电子信息类,none,none,none,3,467,225626,5,462,240809,none,none,民办,233218
苏州科技大学天平学院,电子信息工程,2,497,176258,1,488,178177,2,481,193878,none,none,民办,182771
泰山科技学院,电子信息工程,none,none,none,none,none,none,35,452,265810,none,none,民办,265810
天津理工大学中环信息学院,电子信息工程,1,487,196195,1,478,200545,1,470,221270,none,none,民办,206003
天津理工大学中环信息学院,电子信息科学与技术,1,484,202750,1,475,207624,1,468,224922,none,none,民办,211765
天津理工大学中环信息学院,机械电子工程,1,467,237549,1,467,224737,1,470,220484,none,none,民办,227590
天津天狮学院,电子信息类,1,477,216928,1,476,203866,1,468,225894,none,none,民办,215563
潍坊科技学院,电子信息科学与技术,16,480,210340,16,472,214731,29,467,229145,none,none,民办,218072
潍坊科技学院,机械电子工程,34,470,231121,34,467,225081,62,464,234905,none,none,民办,230369
潍坊科技学院,机械电子工程(校企合作，与无锡中兴教育管理有限公司合作),none,none,none,20,465,230366,none,none,none,none,none,民办,230366
潍坊理工学院,电子信息工程,50,470,231845,45,467,225542,45,462,240827,none,none,民办,232738
武昌首义学院,机械电子工程,1,479,212621,1,471,217247,2,467,228018,none,none,民办,219295
武汉东湖学院,电子信息类,5,473,224054,3,469,221220,2,465,234705,none,none,民办,226660
武汉工商学院,机械电子工程(机电创新实验班),none,none,none,none,none,none,2,461,242690,none,none,民办,242690
武汉工商学院,微电子科学与工程,none,none,none,none,none,none,4,461,243160,none,none,民办,243160
西安交通大学城市学院,电子信息工程,2,483,205014,2,477,202987,none,none,none,none,none,民办,204001
西安汽车职业大学,电子信息工程技术,none,none,none,none,none,none,2,458,250826,none,none,民办,250826
西安信息职业大学,电子信息工程技术,none,none,none,2,467,225001,1,463,237698,none,none,民办,231350
烟台理工学院,电子信息科学与技术,none,none,none,31,466,227835,42,460,244962,none,none,民办,236399
烟台理工学院,机械电子工程,none,none,none,none,none,none,45,458,249628,none,none,民办,249628
烟台南山学院,测控技术与仪器(招收飞机机载电子电气设备维修及管理方向),8,471,229112,16,467,225011,none,none,none,none,none,民办,227062
烟台南山学院,电子信息工程,8,475,220621,18,470,218349,26,465,233462,none,none,民办,224144
阳光学院,电子信息工程,none,none,none,none,none,none,4,457,252509,none,none,民办,252509
阳光学院,电子信息类,3,462,246482,4,463,235309,none,none,none,none,none,民办,240896
长春电子科技学院,机械电子工程,none,none,none,6,462,237326,6,455,257235,none,none,民办,247281
长春工业大学人文信息学院,电子信息工程,1,473,225175,1,468,222835,1,466,230792,none,none,民办,226267
长春光华学院,机械电子工程,none,none,none,none,none,none,8,453,263418,none,none,民办,263418
长春建筑学院,电子信息工程,2,474,222074,2,470,217682,2,464,235683,none,none,民办,225146
中国矿业大学徐海学院,电子科学与技术,none,none,none,none,none,none,6,467,227458,none,none,民办,227458
中国矿业大学徐海学院,电子信息类,6,472,226485,8,470,218511,none,none,none,none,none,民办,222498
深圳北理莫斯科大学,电子与计算机工程(中外合作办学),none,none,none,none,none,none,9,538,76867,none,none,中外合作办学,76867
西交利物浦大学,电子信息类(中外合作办学),35,581,42998,37,557,51629,37,555,52966,省重点,none,中外合作办学,49198
